simulado_id,id,pergunta,opcoes_A,opcoes_B,opcoes_C,opcoes_D,resposta_correta,pontuacao,imagens_locais
Simulado 1,1,"Quando o trânsito estiver congestionado, o condutor deve:","Manter a calma e conservar uma distância do veículo da frente.","Sair de uma faixa para outra, pois isso facilita a fluidez no tráfego.","Manter a calma e dirigir 'colado' na traseira do outro veículo, para melhorar a fluidez do tráfego.","Manter a distância e buzinar para advertir os outros condutores.",A,1,
Simulado 1,2,"Em relação aos conceitos de direção defensiva e aos acidentes de trânsito, é correto afirmar que","o único responsável pelos acidentes é o fator humano.","o maior responsável pelos acidentes é o fator veículo.","os condutores e pedestres têm uma parcela de responsabilidade na maioria dos acidentes.","a combinação dos fatores via/ambiente é a maior responsável pelos acidentes.",C,1,
Simulado 1,3,"A sinalização horizontal de uma via tem a função de","organizar, controlar e orientar os fluxos de veículos e de pedestres.","advertir os fluxos de veículos e orientar os fluxos de pedestres.","limitar e indicar a proibição de movimentos.","interromper e advertir os fluxos de tráfego.",A,1,
Simulado 1,4,"A velocidade máxima permitida em vias arteriais é:","60 km/h.","40 km/h.","80 km/h.","100 km/h.",B,1,
Simulado 1,5,"A placa A-2a significa","curva acentuada à direita.","curva à esquerda.","curva à direita.","curvas sucessivas, sendo a primeira à esquerda.",C,1,placa_A-2a.png
Simulado 1,6,"A figura abaixo representa um trecho de rodovia de pista simples e duplo sentido de circulação, sinalizado com tachas para melhorar a visibilidade da pista. Os elementos refletivos dessas tachas, indicados com os números 1, 2, 3 e 4, devem possuir, respectivamente, as cores","branca, amarela, branca e amarela.","branca, amarela, amarela e branca.","amarela, branca, amarela e branca.","branca, branca, branca e branca.",B,1,rodovia_tachas.png
Simulado 1,7,"Podemos considerar como penalidade:","Suspensão do direito de dirigir.","Remoção do veículo.","Retenção do veículo.","Recolhimento do certificado ou licenciamento anual (CLA).",A,1,
Simulado 1,8,"Deixar de reduzir a velocidade do veículo de forma compatível com a segurança do trânsito, nas proximidades de escolas, resulta em:","Infrãção Gravíssima - Multa - 7 pontos.","Colisão frontal.","Atropelamento com vítima.","Infração leve - Multa - 3 pontos.",A,1,
Simulado 1,9,"As placas educativas podem conter mensagens que reforcem normas gerais de circulação e conduta. A função dessas placas é de","advertir aos usuários da via a respeito de condições potencialmente perigosas.","indicar aos usuários das vias onde encontrar determinados serviços.","educar os usuários da via quanto ao comportamento adequado e seguro no trânsito.","orientar os usuários da via quanto à direção a seguir.",C,1,
Simulado 1,10,"A Carteira Nacional de Habilitação, com foto, e a Permissão para Dirigir somente terão validade para a condução do veículo quando apresentadas","junto com o Certificado de Registro e Licenciamento do Veículo.","em original.","em cópia autenticada por um cartório.","junto com a Carteira de Identidade.",B,1,
Simulado 1,11,"Qual placa deve ser colocada numa via, para advertir ao condutor de um veículo, da existência adiante de um estreitamento de pista ao centro?","Placa A","Placa B","Placa C","Placa D",B,1,placa_estreitamento_centro.png
Simulado 1,12,"A placa que avisa o condutor de veículo da existência potencial de perigo indicando sua natureza, é a de:","Advertência.","Regulamentação.","Educação.","Obras.",A,1,
Simulado 1,13,"Três motoristas cometem infrações, conforme descrito abaixo:","aos motoristas 1 e 2.","ao motorista 1.","ao motorista 2.","aos motoristas 2 e 3.",D,1,tabela_infracoes_simuladas.png
Simulado 1,14,"Quando o condutor ultrapassar outro veículo pelo acostamento, em interseções e passagem de nível, terá como punição:","Multa.","Multa e retenção do veículo.","Multa e remoção do veículo.","Multa e suspensão da CNH.",D,1,
Simulado 1,15,"A figura abaixo representa um acesso de via de trânsito rápido, onde é proibido o trânsito de bicicletas e de motocicletas. A sinalização deve constar:","deve constar a placa R-12, apenas.","devem constar as placas R-12 e R-37, apenas.","deve constar a placa R-34, apenas.","deve constar a placa R-37, apenas.",B,1,acesso_via_rapida_sinalizacao.png
Simulado 1,16,"O condutor que tiver sua Carteira Nacional de Habilitação cassada poderá se candidatar à reabilitação após:","24 (vinte e quatro) meses do efetivo cumprimento da pena.","18 (dezoito) meses do efetivo cumprimento da pena.","12 (doze) meses do efetivo cumprimento da pena.","06 (seis) meses do efetivo cumprimento da pena.",A,1,
Simulado 1,17,"A sinalização semafórica para o PEDESTRE na cor verde indica que:","Permitido ao pedestre atravessar a via.","Proibido ao pedestre atravessar a via.","Permitido ao condutor atravessar a via.","O pedestre deve parar e prestar atenção.",A,1,
Simulado 1,18,"Qual placa deve ser colocada numa rodovia, para advertir ao condutor de um veículo, da existência adiante de um entroncamento oblíquo à direita?","Placa A","Placa B","Placa C","Placa D",C,1,placa_entroncamento_direita.png
Simulado 1,19,"Os semáforos para regulamentação de fluxo de veículos são compostos por três indicações luminosas, dispostas vertical ou horizontalmente, conforme indicado abaixo:","1 e 4.","1 e 6.","3 e 4.","3 e 6.",B,1,diagrama_semaforo_veiculos.png
Simulado 1,20,"Indique a placa de regulamentação que significa 'Proibido parar e estacionar'.","Placa A","Placa B","Placa C","Placa D",B,1,placas_proibido_parar_estacionar.png
Simulado 1,21,"O conjunto da embreagem fica situado no sistema de transmissão e está localizado entre:","O volante do motor e a caixa de mudanças.","O motor e o diferencial.","O diferencial e os eixos.","O cardam e semi-eixos.",A,1,
Simulado 1,22,"Os quatro tempos de um motor a combustão interna são:","Admissão, compressão, explosão e escapamento.","Alimentação, ignição, explosão e escape.","Admissão, lubrificação, explosão e escapamento.","Ignição, escapamento, compressão e alimentação.",A,1,
Simulado 1,23,"Você está no seu veículo e observa a seguinte situação: Um caminhão de areia vem penosamente se arrastando pela rua, rateando nas subidas, mas avançando. Os pneus estão carecas, o pisca não funciona e as lanternas traseiras estão quebradas. O vento vai espalhando pela rua a areia carregada na carroceria descoberta. Diante dessa situação, em relação ao trânsito, é correto afirmar que","um único veículo isolado não consegue produzir danos ao meio ambiente ou às pessoas.","a condução de substâncias nocivas ou poluidoras tem ação benéfica sobre o meio ambiente.","as más condições dos veículos podem provocar graves problemas ao meio ambiente e às pessoas.","preocupar-se com o meio ambiente é tarefa dos governantes e dos ecologistas.",C,1,
Simulado 1,24,"...é a utilização das vias por pessoas, veículos e animais, isolados ou em grupos, conduzidos ou não, para fins de circulação, parada, estacionamento e operação de carga ou descarga.'Segundo o Código Brasileiro de Trânsito esta é a definição de","sistema público de transporte.","malha viária.","engenharia de tráfego.","trânsito.",D,1,
Simulado 1,25,"Em um engavetamento envolvendo vários veículos, uma das vítimas está com ferimentos nos braços e pernas e emocionalmente abalada, negando-se a receber auxílio.Nesse caso, após a solicitação de resgate, o socorrista deve","revelar os culpados e as consequências do acidente para que a vítima se tranquilize.","pedir ajuda a outros motoristas para transportá-la,contra a sua vontade, ao socorro mais próximo.","oferece um tranquilizante para deixá-la mais calma.","informar a vítima as providências tomadas junto ao resgate e tentar acalmà-la.",D,1,
Simulado 1,26,"Relacione corretamente as sinalizações aos seus respectivos significados.","I-c; II-b; III-a","I-a; II-b; III-c","I-b; II-a; III-c","I-b; II-c; III-a",A,1,sinalizacao_relacao_I_II_III.png
Simulado 1,27,"Em caso de desmaio o procedimento correto é:","deitar a vítima de costas com a cabeça baixa, elevando as pernas","procurar movimentar a vítima dando leves tapas no rosto.","procurar movimentar a vítima e jogar água lentamente em seu rosto.","procurar movimentar a vítima e dar álcool para ela cheirar.",A,1,
Simulado 1,28,"Uma vítima de acidente de trânsito apresenta fratura localizada na perna esquerda. Enquanto se aguarda o resgate, deve-se","fazer pressão firme diretamente no local da fratura, com um pano, gaze ou lenço.","estimular a circulação do local fraturado por meio de massagem local.","não movimentar a vítima.","imobilizar a perna por meio de tipóia.",C,1,
Simulado 1,29,"Em uma via local, cuja velocidade máxima permitida é de 40 km/h, ocorreu uma colisão de um carro com uma árvore. O acidente aconteceu às 12:00 horas e era um dia de chuva. Para essa situação, recomenda-se que a distância do acidente para o início da sinalização deve ser de","40 metros.","10 metros.","80 passos longos de um adulto.","60 passos curtos de um adulto.",C,1,
Simulado 1,30,"São recomendações para prática de direção segura nas rodovias, EXCETO:","Aos primeiros sinais de cansaço, aumentar a velocidade para chegar ao destino no menor tempo possível.","Não transitar no acostamento.","Manter velocidade compatível com o fluxo geral de veículos","Não descuidar da sinalização.",A,1,
Simulado 2,1,"O motorista do veículo A aproxima-se de uma curva acentuada à direita, conforme a figura. Poderá perder o controle do veículo, sair da faixa de rolamento e colidir com o veículo que trafega em sentido contrário, em função da ação da força centrífuga. Para evitar esse tipo de colisão, um motorista defensivo deverá","aumentar a velocidade na curva e manter-se à esquerda.","frear o veículo no meio da curva e manter-se à esquerda.","manter-se à direita e diminuir a velocidade antes da curva.","manter-se à direita e aumentar a velocidade antes da curva.",C,1,curva_centrifuga.png
Simulado 2,2,"O condutor que assume um comportamento seguro é aquele que:","Percebe antecipadamente os riscos e age prontamente para evitá- los ou controlá-los.","Dirige somente a 40 km/h, em todos os tipos de via.","Dirige somente em dias sem chuva.","Calibra os pneus de seu veículo diariamente.",A,1,
Simulado 2,3,"Os pontos de travessia de vias destinados a pedestres deverão ser sinalizados por meio de:","Faixas pintadas ou demarcadas no leito dessas vias.","Barreiras.","Balizadores.","Sinal de obstrução.",A,1,
Simulado 2,4,"Para evitar colisão com o veículo da frente, o condutor deve:","Estar atento, controlar a situação, manter a distância, começar a parar com antecedência evitando paradas bruscas.","Estar atento, controlar a situação, manter a distância, parar somente no sinal vermelho.","Estar atento, controlar a situação, manter altas velocidades.","Parar bruscamente, desrespeitar as faixas de pedestres e não manter distância de seguimento.",A,1,
Simulado 2,5,"O condutor que tenha o propósito de ultrapassar um veículo de transporte coletivo que esteja parado, efetuando embarque e desembarque, deverá","reduzir a velocidade e aplicar pequenos toques na buzina, com vistas à viabilizar a segurança dos pedestres.","reduzir a velocidade e piscar os faróis, com vistas à viabilizar a segurança dos pedestres.","reduzir a velocidade ou parar o veículo, com vistas à viabilizar a segurança dos pedestres.","reduzir a velocidade e acionar os faróis altos do veículo, com vistas à viabilizar a segurança dos pedestres.",C,1,
Simulado 2,6,"Um condutor, ao visualizar o símbolo 'CRUZ DE SANTO ANDRÉ' pintado no pavimento, deve saber que ele é indicativo de","cruzamento de duas rodovias.","cruzamento rodoferroviário.","interseção com via preferencial.","cruzamento rodocicloviário.",B,1,cruz_santo_andre_pavimento.png
Simulado 2,7,"A placa A-38 significa que somente passam veículos com","comprimento até o limite máximo indicado na placa.","altura até o limite máximo indicado na placa.","largura até o limite máximo indicado na placa.","largura até o limite mínimo indicado na placa.",C,1,placa_a-38.png
Simulado 2,8,"Indique a placa de advertência que significa 'Cruzamento de vias'.","Placa A","Placa B","Placa C","Placa D",B,1,"placa_8A.png;placa_8B.png;placa_8C.png;placa_8D.png"
Simulado 2,9,"Quando o condutor desobedecer a placa que indica 'Parada Obrigatória', será punido com:","Multa.","Advertência e cassação da Carteira Nacional de Habilitação.","Apreensão do veículo e multa.","Apreensão da Carteira de Habilitação, do veículo e multa.",A,1,
Simulado 2,10,"A placa R-35b indica que","os ciclistas devem transitar pelo lado direito.","é proibido o trânsito de pedestres.","é proibida a circulação de ciclistas na via ou área sinalizada.","os ciclistas devem circular pelo lado direito e os pedestres pelo lado esquerdo.",C,1,placa_r-35b.png
Simulado 2,11,"Pela sequência, identifique as sinalizações abaixo.","aclive acentuado; área com desmoronamento.","declive acentuado; projeção de cascalho.","declive acentuado; pista escorregadia.","aclive acentuado; projeção de cascalho.",D,1,"placa_aclive_acentuado.png;placa_projecao_cascalho.png"
Simulado 2,12,"Indique a placa de regulamentação que significa 'Ciclista, transite à esquerda'","Placa A","Placa B","Placa C","Placa D",B,1,"placa_12A.png;placa_12B.png;placa_12C.png;placa_12D.png"
Simulado 2,13,"A placa A-10b, adverte:","Entroncamento oblíquo à direita.","Entroncamento oblíquo à esquerda.","Siga à direita.","Confluência à direita.",B,1,placa_a-10b.png
Simulado 2,14,"Quando o condutor ultrapassar outro veículo pelo acostamento, em interseções e passagem de nível, terá como punição:","Multa.","Multa e retenção do veículo.","Multa e remoção do veículo.","Multa e suspensão da CNH.",A,1,
Simulado 2,15,"A CNH contém fotografia, identificação, CPF do condutor e data de validade condicionada ao exame de aptidão física e mental. Após o vencimento da data de validade, a CNH é válida por, no máximo","10 dias.","20 dias.","30 dias.","45 dias.",C,1,
Simulado 2,16,"É dever de todo condutor de veículo:","Transitar em velocidade compatível com a segurança.","Dar passagem, pela direita, quando solicitado.","Manter acesa a luz alta dos faróis nas vias com iluminação pública.","Usar buzina para chamar alguém.",A,1,
Simulado 2,17,"A estabilidade de um veículo em deslocamento nas retas e curvas é uma das funções dos sistemas de:","Direção e de suspensão.","Transmissão e de lubrificação.","Alimentação e ignição.","Freios, transmissão e pneus.",A,1,
Simulado 2,18,"Com relação ao trânsito, é legalmente assegurado ao cidadão brasileiro o direito de","repreender um idoso que continuar atravessando a rua após a ocorrência do sinal verde para o veículo.","solicitar ao órgão competente a instalação de semáforo em cruzamento perigoso.","reservar, com cones sinalizadores, local para colocar o carro junto ao meio-fio em frente à própria casa.","estacionar o automóvel mesmo em local não permitido, por até 30 minutos, mantendo o piscaalerta acionado.",B,1,
Simulado 2,19,"Há algumas décadas que a preservação do meio ambiente passou a fazer parte das nossas preocupações. Sensível a essas preocupações, o atual Código de Trânsito prevê medidas para a melhoria das condições ambientais. Dentre elas, cita-se","a aplicação do conceito de sustentabilidade ambiental nas áreas servidas por vias terrestres de tráfego de veículos.","a fiscalização e a redução dos níveis de poluição atmosférica e sonora provenientes dos veículos.","a determinação de que a administração do trânsito seja responsabilidade dos estados, pois estes têm mais recursos para controlar problemas ambientais.","a centralização das medidas de interesse ao meio ambiente através da extinção de vários órgãos públicos que tinham essa função.",B,1,
Simulado 2,20,"Ter domínio a respeito da utilização dos faróis do veículo faz parte da direção segura. Assim, o condutor deve saber que o uso do farol baixo é","obrigatório para motocicletas somente durante a noite.","obrigatório para automóveis, em rodovias, somente durante a noite.","obrigatório para automóveis, à noite, mesmo em vias com iluminação pública satisfatória.","recomendado para ônibus, durante o dia, se estiver em faixa exclusiva.",C,1,
Simulado 2,21,"A sinalização que prevalece no trânsito é a representada por:","Gestos de agentes da autoridade de trânsito.","Regras gerais de circulação.","Placas de regulamentação.","Luzes do semáforo.",A,1,
Simulado 2,22,"Os riscos e os perigos a que estão sujeitos os usuários no trânsito estão relacionados com: os veículos; os condutores; as vias; o ambiente; e","as ações governamentais.","a fiscalização dos agentes de trânsito.","ao sistema de iluminação pública.","o comportamento das pessoas.",D,1,
Simulado 2,23,"Uma placa com o pictograma [desenho de cachoeira] significa","Patrimônio Natural.","Cachoeira e Quedas d'água.","Estância Hidromineral.","Área para esportes náuticos.",B,1,placa_cachoeira.png
Simulado 2,24,"Dado o cruzamento abaixo representado, as placas que devem constar nas posições 1 e 2 indicadas na figura, para definição de sentido de circulação, são","posição 1: placa R-3. posição 2: placa R-3.","posição 1: placa R-3. posição 2: placa R-4a.","posição 1: placa R-3. posição 2: placa R-4b.","posição 1: placa R-21.posição 2: placa R-21.",B,1,cruzamento_sentido_circulacao.png
Simulado 2,25,"Em relação ao meio ambiente, considere: I. Entulhos devem ser transportados para locais próprios; não se deve jogar entulhos nas vias e suas margens; II. Em caso de acidente com transporte de produtos perigosos (químicas, inflamáveis, tóxicos), deve-se procurar isolar a área e impedir que atinjam rios, mananciais e a flora; III. O espaço público é de todos, portanto, cada cidadão deve fazer a sua parte, mantendo-o limpo e conservado. É correto o que consta em","I e III, apenas.","II, apenas.","III, apenas.","I, II e III.",D,1,
Simulado 2,26,"Nos veículos, o ...... é um dispositivo que promove a destruição das substâncias poluentes mais nocivas ao meio ambiente. Trata-se do","sistema de ignição.","dinamômetro.","cárter.","catalisador.",D,1,
Simulado 2,27,"Ao prestar atendimento às vítimas que se encontrem em estado de choque é correto:","Retirar da boca da vítima objetos, dentaduras, pontes, aparelho dental, etc.","Manter a vítima em pé para não perder o controle da situação.","Fazer massagem cardíaca.","Se a vítima estiver tendo vômito manter a cabeça da mesma para cima.",A,1,
Simulado 2,28,"Ao cair da bicicleta, um ciclista sem capacete bate a cabeça no degrau entre a calçada e o asfalto. O atendimento mais adequado de primeiros socorros à vítima, com suspeita de fratura na coluna vertebral na região do pescoço, é:","deitá-lo de lado.","deitá-lo de barriga para baixo.","jamais movimentar a vítima e chamar socorro médico.","deitá-lo de costas, com a cabeça virada para um dos lados.",C,1,
Simulado 2,29,"O objetivo principal de quem presta os primeiros socorros é o de:","Proteger a vida do acidentado e reduzir o seu sofrimento.","Desobstruir a via pública.","Se livrar de responder processo.","Não cumprir mais do que a sua obrigação.",A,1,
Simulado 2,30,"A vítima de um acidente de carro apresenta sangramento intenso no braço direito, suspeita de fratura na perna esquerda e dor na região do peito. Nessa situação, após colocar luvas de proteção, a primeira conduta a ser tomada pela pessoa que vai ajudar a socorrer será","enfaixar o peito com ataduras de crepe.","massagear a perna fraturada.","medicar para aliviar dor.","fazer compressão no ferimento do braço direito com gaze ou pano limpo.",D,1,
Simulado 3,1,"O ônibus à sua frente parou no ponto e, então, você decide ultrapassá-lo. Nesse caso, o procedimento mais adequado é","sinalizar e ultrapassá-lo rapidamente.","sinalizar, ultrapassar devagar, verificando se o coletivo não está sinalizando saída e observando se não há pedestres atravessando a rua à frente do coletivo.","buzinar, avisando a manobra de ultrapassagem.","ultrapassá-lo o mais rápido possível, antes que os passageiros desçam e efetuem a travessia.",B,1,
Simulado 3,2,"Os ciclomotores devem ser conduzidos nas vias urbanas, preferencialmente,","nas vias de trânsito rápido.","no centro da faixa de trânsito, mais à direita da pista de rolamento.","sobre as calçadas.","na esquerda da faixa, mais à direita da pista de rolamento.",B,1,
Simulado 3,3,"Para dirigir com maior segurança, a forma correta de segurar o volante de direção é com as mãos","apoiadas na parte externa do volante, em posição similar à 'oito horas e vinte minutos' do relógio.","juntas, na parte de baixo.","apoiadas na parte externa do volante, em posição similar à 'nove horas e quinze minutos' do relógio.","nos raios do volante.",C,1,
Simulado 3,4,"Você está em uma via secundária e vai entrar em uma rodovia de alta velocidade e com grande volume de tráfego. A forma mais adequada de efetuar essa manobra é","sinalizar, ganhar velocidade na pista de aceleração (se houver) ou na faixa da direita, de forma a entrar na pista em velocidade compatível com a da rodovia, diminuindo o risco de 'fechar' os demais veículos.","entrar na faixa da direita da rodovia e então acelerar para ganhar velocidade, conforme regra do CTB.","entrar em velocidade reduzida, conforme preceito da Direção Defensiva.","entrar na rodovia e, logo em seguida, se encaminhar para a faixa da esquerda.",A,1,
Simulado 3,5,"O trânsito de veículos nos acostamentos de rodovias é permitido","quando, devido à problema mecânico, o veículo estiver lento.","quando a pista estiver congestionada.","para ultrapassagem de veículos muito lentos.","para acessar imóveis lindeiros ou fazer conversões.",D,1,
Simulado 3,6,"No que diz respeito ao Auto de Infração de Trânsito, considere: I. Será lavrado pela autoridade de trânsito ou por seu agente, por ocasião em que é detectada a infração. II. A irregularidade deve ser comprovada por declaração da autoridade, do agente ou por aparelho eletrônico ou equipamento audiovisual. III. Não será exigida a assinatura do infrator no Auto de Infração. É correto o que se afirma em:","I.","I e II.","I e III.","III.",C,1,
Simulado 3,7,"Indique a placa de regulamentação que significa 'Sentido proibido'.","Placa A","Placa B","Placa C","Placa D",A,1,placa_sentido_proibido.png
Simulado 3,8,"A placa A-1b , indica:","Curva acentuada à direita.","Curva acentuada em 'S' à direita.","Pista sinuosa à esquerda.","Pista sinuosa à direita.",A,1,placa_A-1b.png
Simulado 3,9,"A placa R-19 , regulamenta:","Velocidade máxima permitida.","Carga máxima permitida.","Peso máximo permitido por eixo.","Passagem obrigatória acima da velocidade indicada.",C,1,placa_R-19.png
Simulado 3,10,"A Carteira Nacional de Habilitação, com foto, e a Permissão para Dirigir somente terão validade para a condução do veículo quando apresentadas","junto com o Certificado de Registro e Licenciamento do Veículo.","em original.","em cópia autenticada por um cartório.","junto com a Carteira de Identidade.",B,1,
Simulado 3,11,"A placa abaixo indica que o motorista poderá dispor, respectivamente, da esquerda para a direita, dos serviços:","mecânico, hotel e restaurante.","abastecimento, hotel e mecânico.","abastecimento, hotel e guincho.","abastecimento, restaurante e mecânico.",C,1,placa_servicos_guincho_hotel_abastecimento.png
Simulado 3,12,"Segundo o Código de Trânsito Brasileiro, as vias urbanas classificam-se:","Vias locais, coletoras, arteriais e de trânsito rápido.","Vias de acesso, de ligação, radiais e diametrais.","Vias expressas, locais e tributárias.","Vias expressas, arteriais, coletivas e locais.",A,1,
Simulado 3,13,"A placa A-10a , informa:","Entroncamento oblíquo à esquerda.","Via lateral à esquerda.","Siga à esquerda.","Confluência à direita.",A,1,placa_A-10a.png
Simulado 3,14,"O CRLV - Certificado de Registro e Licenciamento de Veículo, renovado anualmente, por ocasião do licenciamento,","é de porte obrigatório, podendo ser apresentado em cópia reprográfica autenticada pelo DETRAN.","é de porte obrigatório, devendo ser apresentado apenas no original.","é de porte obrigatório, podendo ser apresentado em cópia reprográfica simples.","não é de porte obrigatório, pois o DETRAN tem o cadastro de todos os veículos.",B,1,
Simulado 3,15,"Todo veículo deve ser obrigatoriamente identificado por caracteres gravados no chassi ou no monobloco, reproduzidos em outras partes, conforme disposto pelo CONTRAN. Sobre a regravação destes caracteres, é correto afirmar que","é processada apenas por empresas credenciadas pelo DETRAN.","independe de autorização prévia do DETRAN.","não é necessária a comprovação da propriedade do veículo.","depende de vistoria realizada pelo DETRAN, quando do licenciamento anual.",A,1,
Simulado 3,16,"Diante da situação representada abaixo (Placa Proibido Estacionar e Parar na frente de uma Delegacia de Polícia), é correto afirmar que é","permitido o estacionamento de qualquer veículo, desde que o condutor se dirija à delegacia.","proibido o estacionamento e a parada de qualquer tipo de veículo.","permitido o estacionamento de veículos oficiais.","permitida a carga e a descarga de materiais e/ou equipamentos para a delegacia",B,1,placa_proibido_estacionar_parar_delegacia.png
Simulado 3,17,"Independentemente de sinalização, o estacionamento de veículos é proibido:","nas grandes avenidas.","nas esquinas e a menos de 5 m do bordo do alinhamento da via transversal.","na área central da cidade.","em frente a escolas públicas.",B,1,
Simulado 3,18,"Numa via sinalizada, estando proibido o estacionamento e permitida a parada de veículos, o tempo de parada deverá ser:","O necessário para o embarque/desembarque de passageiros desde que não prejudique os fluxos de veículos e pedestres.","Apenas o necessário para fazer uma pequena manobra.","Relativo ao número de veículos que estiverem circulando na via.","Restrito às situações de emergência.",A,1,
Simulado 3,19,"Um condutor, ao ter sua CNH cassada, por conduzir veículo com o direito de dirigir suspenso, poderá ser reabilitado, após 3 anos, desde que se submeta","aos exames teórico e de direção veicular.","a curso de reciclagem.","a curso de reciclagem e avaliação psicológica.","curso de reciclagem e a todos os exames necessários à habilitação.",D,1,
Simulado 3,20,"Nas infrações de natureza média e leve são computados, respectivamente, os seguintes pontos na CNH do proprietário do veículo:","7 e 3.","4 e 3.","4 e 3.","5 e 3.",C,1,
Simulado 3,21,"A figura abaixo representa o quarteirão de uma rua sinalizada com 'Proibido Estacionar' (Veículo 1), 'Permitido Estacionar' (Veículo 3) e 'Proibido Parar e Estacionar' (Veículo 3). O veículo estacionado em desacordo com a sinalização da via é:","o veículo 1.","os veículos 1 e 3.","o veículo 3.","o veículo 3.",D,1,placas_estacionamento_simulado.png
Simulado 3,22,"A placa [Imagem de placa de regulamentação] significa:","área proibida para trânsito de caminhões.","local ou ponto de parada de veículos de transporte coletivo ou individual de passageiros.","área com oficina mecânica.","estação rodoviária adiante.",B,1,placa_parada_ônibus.png
Simulado 3,23,"A figura abaixo representa um trecho de rua, sinalizado com faixa de pedestre, em bom estado de conservação. O condutor que deixa de dar preferência de passagem ao pedestre que já iniciou a travessia na faixa a ele destinada:","comete infração de trânsito.","comete infração e crime de trânsito.","só comete infração se o pedestre for atropelado.","só comete infração se os pedestres forem portadores de deficiência, crianças ou idosos.",A,1,faixa_pedestre_prioridade.png
Simulado 3,24,"A durabilidade dos pneus é determinada por várias condições, entre elas podemos citar:","Conferir o alinhamento das rodas e geometria de direção com freqüência.","Balancear o cardam.","Trocar de amortecedor e óleo regularmente.","Não correr demais em rodovias não pavimentadas.",A,1,
Simulado 3,25,"Carcaça de lonas, banda de rodagem e talões são elementos que compõem o","freio de estacionamento.","amortecedor.","pneu.","motor de partida.",C,1,
Simulado 3,26,"Você está na rua esperando por um amigo e, em menos de 15 minutos, presencia a seguinte situação: 'Um carro com alto-falante passa oferecendo doces caseiros. - Doce, olha o doce fresquinho! Venha provar freguesia! olha o doce! Minutos depois passa a toda velocidade uma moto com o escapamento aberto. Quase que ao mesmo tempo outro carro com alto falante anuncia uma liquidação: - A loja das Rosas faz sua liquidação anual! TVs e geladeiras com até 50% de descontos! Aproveite é só hoje e amanhã! Como é época de eleição, lá vem o carro do candidato pedindo seu voto em alto e bom som... ' A situação descrita demonstra que:","a poluição sonora representa um desrespeito às normas do trânsito.","diante do desemprego existente, qualquer forma de trabalho é válida, mesmo que isso represente ferir os direitos do outro e as normas do CTB.","somente o condutor da moto infringiu as normas legais que regulamentam o ruído de veículos.","ruídos, buzinas, sirenes, ronco de motores fazem parte do cotidiano urbano e não são mais incorporados ao que se denomina poluição sonora.",A,1,
Simulado 3,27,"Organizar e participar de ações comunitárias, aprender cuidados específicos tais como primeiros socorros, praticar a direção defensiva, envolver-se na defesa e preservação do meio ambiente, são formas de","ampliar a individualidade.","eliminar a violência urbana.","combater o estresse.","exercer a cidadania.",D,1,
Simulado 3,28,"Em um acidente de trânsito você deve:","Sinalizar o local para evitar novos acidentes e atropelamentos.","Parar somente se já houverem pessoas prestando socorro.","Não ligar para o atendimento médico especializado, antes de tomar as primeiras providências.","Passar direto, reduzindo bem a velocidade.",A,1,
Simulado 3,29,"No caso de vítimas com ferimentos leves o que você pode fazer até encaminhá-las ao médico ou hospital:","Limpar o ferimento com água limpa ou soro fisiológico.","Deixar a vítima próxima ao hospital.","Colocar pomada ou remédio no ferimento.","Retirar objetos aderidos ao ferimento.",A,1,
Simulado 3,30,"É necessário contar 60 passos longos para sinalizar o local de um acidente. Quando estava na contagem de 30 passos longos, a pessoa que estava sinalizando encontrou uma curva. Nessa situação, ela deve","iniciar novamente a contagem a partir do final da curva.","somar mais 20 passos longos, totalizando 80 passos longos.","somar mais 15 passos longos, totalizando 75 passos longos.","continuar normalmente a contagem dos passos longos.",A,1,Simulado 3,1,"Todo condutor, numa rodovia, ao perceber que outro veículo no sentido contrário iniciou a manobra de ultrapassagem e não tem distância suficiente para realizar a manobra, deverá","reduzir a velocidade e esperar o veículo que está sendo ultrapassado entre no acostamento.","reduzir a velocidade e deixar o outro veículo entrar no acostamento.","reduzir a velocidade e, se necessário, manobrar o veículo em direção ao acostamento, a fim de que o outro veículo conclua a manobra de ultrapassagem.","esperar o outro veículo parar e desviar.",C,1,
Simulado 4,1,"Todo condutor, numa rodovia, ao perceber que outro veículo no sentido contrário iniciou a manobra de ultrapassagem e não tem distância suficiente para realizar a manobra, deverá","reduzir a velocidade e esperar o veículo que está sendo ultrapassado entre no acostamento.","reduzir a velocidade e deixar o outro veículo entrar no acostamento.","reduzir a velocidade e, se necessário, manobrar o veículo em direção ao acostamento, a fim de que o outro veículo conclua a manobra de ultrapassagem.","esperar o outro veículo parar e desviar.",C,1,
Simulado 4,2,"O motorista que não mantém a distância de seguimento pode envolver-se em colisão com o:","Veículo da frente.","Veículo de trás.","Veículo que vem em sentido contrário.","Pedestre.",A,1,
Simulado 4,3,"A regra dos dois segundos deve ser adotada pelo condutor do veículo","nos semáforos.","na distância de seguimento.","após o início da chuva, para ligar o limpador de pára-brisa.","na observação alternada entre os retrovisores e os veículos à frente.",B,1,
Simulado 4,4,"Todo condutor deve praticar a Direção Defensiva constantemente. O motorista defensivo deve saber que condições adversas são","os procedimentos de segurança que o motorista defensivo deve adotar para contribuir com o fluxo de veículos em uma via.","as reciclagens que todo condutor deve fazer periodicamente para aumentar sua habilidade ao dirigir.","os itens do veículo que interferem diretamente na segurança, como os freios, a direção e a suspensão.","os fatores ou combinações de fatores que contribuem para aumentar as situações de risco no trânsito, comprometendo a segurança.",D,1,
Simulado 4,5,"À distância que o veículo percorre, desde o momento que o motorista vê o perigo e aciona os freios até a parada total do veículo é a:","Distância de parada.","Distância de seguimento.","Distância de reação.","Distância de frenagem.",A,1,
Simulado 4,6,"A placa A-4b significa","curva acentuada à direita.","curvas sucessivas, sendo a primeira à esquerda.","curva acentuada em 'S' à direita.","curva à direita.",C,1,placa_A-4b.png
Simulado 4,7,"Para que um cidadão obtenha habilitação na categoria C é preciso estar habilitado na categoria","B há, no mínimo, dois anos e não ter cometido, nos últimos doze meses, nenhuma infração gravíssima, ou não ser reincidente em infrações graves.","A há, no mínimo, um ano e não ter cometido, nos últimos doze meses, nenhuma infração grave ou gravíssima, ou não ser reincidente em infrações médias.","B há, no mínimo, um ano e não ter cometido, nos últimos doze meses, nenhuma infração grave ou gravíssima, ou não ser reincidente em infrações médias.","B há, no mínimo, seis meses e não ter cometido, nos últimos doze meses, nenhuma infração gravíssima.",C,1,
Simulado 4,8,"Para poder dirigir motocicletas, o condutor deve estar habilitado na categoria","A.","B.","C.","E.",A,1,
Simulado 4,9,"O condutor deve portar, obrigatoriamente,","o CRLV - Certificado de Registro e Licenciamento de Veículo, apresentado somente no original.","o CRLV - Certificado de Registro e Licenciamento de Veículo, podendo ser apresentado no original ou em cópia reprográfica autenticada pelo DETRAN.","o CRLV - Certificado de Registro e Licenciamento de Veículo e o CRV - Certificado de Registro do Veículo, apresentados no original.","o CRLV - Certificado de Registro e Licenciamento de Veículo e o CRV - Certificado de Registro do Veículo, apresentados em cópia reprográfica autenticada pelo DETRAN.",A,1,
Simulado 4,10,"No que diz respeito à condução de escolares, considere:I. O veículo destinado à condução de escolares deve ser inspecionado semestralmente para verificação dos equipamentos obrigatórios e de segurança. II. O veículo destinado à condução de escolares deve possuir equipamento registrador instantâneo inalterável de velocidade e tempo. III. Para conduzir veículo destinado à condução de escolares é preciso que o condutor seja habilitado na categoria B. É correto o que se afirma APENAS em","I.","I e II.","I e III.","II.",B,1,
Simulado 4,11,"Relacione corretamente as sinalizações aos seus respectivos significados. (I - Semáforo/II - Policial de Trânsito/III - Placas)","I-b; II-a; III-c","I-b; II-c; III-a","I-a; II-b; III-c","I-c; II-b; III-a",D,1,sinalizacao_relacao_I_II_III_placas.png
Simulado 4,12,"Pela ordem, as placas de sinalização A, B e C, respectivamente, advertem a existência de","confluência à esquerda, estreitamento de pista ao centro e via lateral à direita.","curva à esquerda, bifurcação ao centro e bifurcação em 'Y'.","curva acentuada em 'S' à esquerda, ponte estreita e confluência à direita.","curva em 'S' à esquerda, mão dupla adiante e confluência à esquerda.",D,1,placas_advertencia_A_B_C.png
Simulado 4,13,"Estacionar o veículo nos viadutos, pontes e túneis são considerados uma infração grave e tem como penalidade:","Multa, 5 pontos e remoção do veículo.","Multa e 4 pontos.","Multa , 7 pontos e apreensão do veículo.","Multa, nenhum ponto.",A,1,
Simulado 4,14,"Qual placa deve ser colocada numa via, para advertir ao condutor de um veículo, da existência adiante de um declive acentuado?","Placa A","Placa B","Placa C","Placa D",C,1,placa_declive_acentuado.png
Simulado 4,15,"Indique a placa de regulamentação que significa 'Proibido retornar à direita'.","Placa A","Placa B","Placa C","Placa D",D,1,placa_proibido_retornar_direita.png
Simulado 4,16,"Diante da situação ilustrada na figura abaixo (Placa Proibido Parar e Estacionar), o condutor do veículo 1 poderá parar","para realizar operações de carga e descarga de mercadorias.","por cerca de cinco minutos, desde que seja acionada a sinalização de emergência (pisca-alerta).","por cerca de cinco minutos, desde que o motor do veículo permaneça ligado.","pelo tempo estritamente necessário para o embarque e desembarque de passageiros.",D,1,placa_proibido_parar_estacionar_parada.png
Simulado 4,17,"Os condutores de veículos de propulsão humana deverão circular quando não houver ciclovia:","No mesmo sentido dos veículos.","Em sentido contrário ao dos veículos automotores.","Pelo meio da pista.","Só pela esquerda da via.",A,1,
Simulado 4,18,"Três motoristas cometem infrações: (Motorista 1: Deixar de usar o cinto de segurança. Motorista 2: Não usar capacete na motocicleta. Motorista 4: Estacionar em local proibido.) O Código de Trânsito Brasileiro prevê a apreensão do veículo para","aos motoristas 2 e 4, apenas.","aos motoristas 1, 2 e 4.","aos motoristas 1 e 4, apenas.","ao motorista 4, apenas.",A,1,tabela_infracoes_apreensao.png
Simulado 4,19,"A figura abaixo representa um trecho de rodovia de pista simples e duplo sentido de circulação, sinalizado com tachas para melhorar a visibilidade da pista. Os elementos refletivos dessas tachas, indicados com os números 1, 2, 4 e 4, devem possuir, respectivamente, as cores","branca, amarela, branca e amarela.","branca, amarela, amarela e branca.","amarela, branca, amarela e branca.","branca, branca, branca e branca.",B,1,rodovia_tachas_2.png
Simulado 4,20,"De acordo com parágrafo 1º do artigo 159 do Código de Trânsito Brasileiro, quando o condutor estiver à direção do veículo, deve obrigatoriamente portar:","Permissão para Dirigir ou CNH, somente.","Permissão para Dirigir ou CNH e a Carteira Profissional.","Permissão para Dirigir ou CNH e o CPF - Cadastro de Pessoa Física.","Permissão para Dirigir ou CNH, a Carteira de Identidade e o CPF - Cadastro de Pessoa Física.",A,1,
Simulado 4,21,"A marcação na via que separa a pista destinada à circulação de veículos do acostamento chama-se de linha:","De bordo.","Planas.","Linhas de continuidade.","De legenda.",A,1,
Simulado 4,22,"Os elementos da sinalização horizontal que indicam e alertam aos condutores sobre situações específicas na via, onde deverão redobrar a atenção, ou da existência de áreas reservadas a outros usuários da via, são denominadas","linhas de bordo.","faixas.","setas direcionais.","símbolos.",D,1,
Simulado 4,23,"A placa A-17, adverte:","Pista irregular.","Passagem de nível com barreira.","Área com lombadas.","Depressão.",A,1,placa_A-17.png
Simulado 4,24,"Ver e ser visto por todos torna o trânsito mais seguro. O condutor deve, portanto, regular o alinhamento dos faróis do veículo","sempre que necessário ou conforme orientação do manual do fabricante, por meio de profissionais habilitados.","quinzenalmente, substituindo sempre as lâmpadas por originais do fabricante.","mensalmente, obrigatoriamente, por meio de profissionais habilitados, conforme o CTB.","anualmente, obrigatoriamente à época do licenciamento do veículo, conforme o CTB.",A,1,
Simulado 4,25,"Os pneus do eixo de tração desgastam mais rapidamente. Para igualar o desgaste do conjunto de pneus do veículo, deve-se efetuar","a calibragem dos pneus.","o alinhamento dos pneus.","o balanceamento dos pneus.","o rodízio dos pneus.",D,1,
Simulado 4,26,"O plantio de vegetação nas vias de trânsito deve guiar-se por certos critérios:","Permitir a livre circulação de veículos e pedestres com a plena visualização dos elementos de sinalização.","Promover sombra para os veículos.","Criar lugares para fazer piquenique às margens das rodovias.","Promover o reflorestamento.",A,1,
Simulado 4,27,"Considere as seguintes situações: I. Na condução de um veículo é preciso garantir a própria segurança e a dos demais passageiros. II. Para conviver em sociedade, o condutor de veículo deve orientar seu comportamento por regras próprias, aceitas pelo seu grupo. III. Entender a pluralidade cultural que existe no Brasil permite ao condutor respeitar o 'outro'. A cidadania, no trânsito, pode ser expressa pelo que está disposto APENAS em","I.","I e II.","I e III.","II e III.",C,1,
Simulado 4,28,"São situações de emergência que interferem nas funções vitais, exceto:","Fratura fechada de braço.","Falta de circulação.","Hemorragias graves.","Falta de respiração.",A,1,
Simulado 4,29,"São sinais e sintomas do estado de choque, EXCETO:","Pressão alta e respiração normal.","Sudorese (suor frio).","Pulsação rápida e fraca.","Palidez.",A,1,
Simulado 4,30,"O atendimento inicial a um acidentado com sangramento intenso em um dos braços deve ser a aplicação de","talas acima do local do sangramento.","compressão no local do sangramento com gaze ou pano limpo.","talas abaixo do local de sangramento.","bandagem tipo tipóia.",B,1,
Simulado 5,1,"Ocorre a hidroplanagem (ou aquaplanagem) quando o veículo:","Perde a aderência do pneu com o solo, causada por água sobre a pista.","Derrapa sobre uma camada de óleo na pista.","Tem os pneus cobertos por uma enxurrada.","Passa por um buraco na pista coberto por água da chuva.",A,1,
Simulado 5,2,"O motorista que não mantém a distância de seguimento pode envolver-se em colisão com o:","Veículo da frente.","Veículo de trás.","Veículo que vem em sentido contrário.","Pedestre.",A,1,
Simulado 5,3,"O pedestre, em situação defensiva, deve sempre","estar preparado para lidar e administrar possíveis perigos que podem surgir ao circular nas vias.","utilizar a faixa de segurança somente em situações de risco.","atravessar a via em sentido diagonal.","prestar atenção somente aos sinais dos agentes de trânsito ininterruptamente.",A,1,
Simulado 5,4,"O condutor, ao aproximar-se de uma lombada, deve reduzir a velocidade e ultrapassá-la","virando a direção para a direita e depois para a esquerda.","virando a direção para a direita.","virando a direção para a esquerda.","alinhado em frente.",D,1,
Simulado 5,5,"Usar farol alto ou farol baixo desregulado ao cruzar com outro veículo, vindo em sentido oposto, poderá","desviar fachos de luz que permitem a visualização da sinalização.","evitar ofuscamento de outros condutores.","provocar penumbra.","ofuscar a visão dos outros condutores.",D,1,
Simulado 5,6,"A placa A-34 , sinaliza:","Crianças.","Pedestre ande pela esquerda.","Área de descanso.","Ciclistas.",A,1,placa_A-34.png
Simulado 5,7,"A placa especial [Imagem de placa de identificação de rodovia] é","de regulamentação.","educativa.","de identificação.","de advertência.",C,1,placa_identificacao_rodovia.png
Simulado 5,8,"Nas rodovias de písta simples, sem sinalização regulamentadora, a velocidade máxima para os automóveis é de","110 km/h.","90 km/h.","100 km/h.","80 km/h.",C,1,
Simulado 5,9,"O condutor de veículo cometerá infração se desrespeitar as placas de:","De regulamentação.","De identificação de atrativo turístico.","De indicação.","Diagramação.",A,1,
Simulado 5,10,"Um candidato à obtenção da CNH poderá requerer simultaneamente, submetendo-se a um único exame de aptidão física e mental e de avaliação psicológica, a habilitação nas categorias","A e B.","A e C.","A e D.","B e C.",A,1,
Simulado 5,11,"A placa A-26a , indica:","Sentido único.","Sentido duplo de circulação.","Vire á direita","Via lateral à direita.",B,1,placa_A-26a.png
Simulado 5,12,"Segundo suas funções, as placas abaixo, pela ordem, são classificadas nos seguintes tipos: (Primeira: 'Sentido Proibido', Segunda: 'Proibido Estacionar', Terceira: 'Curva Acentuada à Direita')","regulamentação; regulamentação; regulamentação.","advertência; regulamentação; regulamentação.","advertência; advertência; regulamentação.","regulamentação; regulamentação; advertência.",D,1,placas_tipos_regulamentacao_advertencia.png
Simulado 5,13,"O veículo que transitar com carga excedente à sua dimensão, sem a devida autorização e sinalização, está sujeito a:","Retenção e multa.","Diminuição de sua carga.","Multa.","Remoção.",A,1,
Simulado 5,14,"Numa via de trânsito rápido, regulamentada com velocidade máxima de 80 km/h, um veículo trafega a 107 km/h. Este condutor comete infração de trânsito passível de","multa.","suspensão do direito de dirigir.","multa e de suspensão do direito de dirigir.","multa e de advertência.",C,1,
Simulado 5,15,"Os sinais de trânsito previstos na legislação de trânsito são:","verticais, horizontais, dispositivos de sinalização auxiliar, luminosos, sonoros e gestos.","faixas, cones, barreiras, luminosos e gestos.","triângulo de segurança, placas, barreiras, gestos e verticais.","triângulo de segurança, cones, placas e semáforos.",A,1,
Simulado 5,16,"As placas R-7 e R-35b significam, respectivamente:","proibido o estacionamento e a parada em fila dupla; trânsito de ciclistas fora da pista.","permitido ultrapassar; trânsito de ciclistas à direita.","proibido o estacionamento em fila dupla; proibido o trânsito de ciclistas.","proibido ultrapassar; trânsito de ciclistas à direita.",D,1,placas_R-7_R-35b.png
Simulado 5,17,"Para que um condutor possa dirigir veículo destinado ao transporte de escolares é preciso, além de outras exigências, que tenha idade superior a","21 anos e seja habilitado na categoria D.","18 anos e seja habilitado na categoria B.","18 anos e seja habilitado na categoria E.","21 anos e seja habilitado na categoria C.",A,1,
Simulado 5,18,"Um candidato à obtenção da Carteira Nacional de Habilitação, durante o exame de direção veicular para a categoria A, derruba um cone de balizamento. Nessas condições ele será","aprovado, desde que não cometa outra falta média.","aprovado, desde que não cometa nenhuma outra falta, de qualquer natureza.","reprovado, devendo realizar novo exame.","aprovado, desde que não cometa outra falta leve.",C,1,
Simulado 5,19,"No que diz respeito ao uso da buzina, considere: I. O condutor de um veículo poderá usar a buzina para fazer as advertências necessárias a fim de evitar acidentes. II. O condutor de um veículo, ao sair da garagem, deverá, obrigatoriamente, usar a buzina para alertar os pedestres. III. O condutor de um veículo, ao se aproximar de um cruzamento pela via preferencial, deverá, obrigatoriamente, usar a buzina. É correto o que se afirma em","I, apenas.","I e II, apenas.","I e III, apenas.","II, apenas.",A,1,
Simulado 5,20,"Na situação ilustrada abaixo, relativa a uma rodovia, um condutor deve saber que a ultrapassagem é [Imagem de Linha Seccionada no sentido B para A e Linha Contínua no sentido A para B]","proibida nos dois sentidos apenas se houver placas de regulamentação","permitida apenas no sentido de B para A.","permitida nos dois sentidos.","permitida apenas no sentido de A para B.",B,1,rodovia_ultrapassagem_AB.png
Simulado 5,21,"À esquerda estão descritos os sinais de apito e à direita os significados. (I - Um silvo breve, II - Dois silvos breves, III - Um silvo longo) (1 - Siga, 2 - Pare, 3 - Diminua a marcha)","I - 1, II - 2 e III - 3.","I - 1, II - 3 e III - 2.","I - 2, II - 1 e III - 3.","I - 2, II - 3 e III - 1.",D,1,sinais_apito_significados.png
Simulado 5,22,"Um condutor com o direito de dirigir suspenso, ao dirigir seu veículo, comete infração de natureza:","gravíssima, passível de multa e retenção do veículo.","grave, passível de multa e apreensão do veículo.","média, passível de multa e remoção do veículo.","leve, passível de multa.",A,1,
Simulado 5,23,"À esquerda estão relacionadas três categorias nas quais os motoristas podem ser habilitados e, à direita, os tipos de veículos. (I - Categoria A, II - Categoria C, III - Categoria D) (1 - Veículo de passageiros com mais de 8 lugares. 2 - Veículo de carga, acima de 3.500 kg. 3 - Motocicleta ou motoneta.)","I - 3, II - 2, III - 1.","I - 1, II - 3, III - 2.","I - 2, II - 1, III - 3.","I - 3, II - 1, III - 2.",A,1,categorias_veiculos.png
Simulado 5,24,"Com relação ao sistema elétrico do veículo, é INCORRETO afirmar:","deixar ligados por muito tempo luzes, aparelho de som e outros equipamentos elétricos, com o motor ligado, poderá consumir toda a carga da bateria.","a instalação de alarmes e acessórios não recomendados pelo fabricante do veículo, pode danificar ou bloquear o sistema elétrico","recomenda-se sempre acionar o motor de partida com luzes e equipamentos elétricos desligados.","deixar ligados por muito tempo luzes, aparelho de som e outros equipamentos elétricos, com o motor parado, poderá consumir toda a carga da bateria.",A,1,
Simulado 5,25,"O carburador, nos veículos mais modernos, é substituído por:","pressurizador de alimentação.","injeção eletrônica.","filtro de combustível.","distribuidor e bobina.",B,1,
Simulado 5,26,"São alguns dos problemas causados pela relação trânsito e meio ambiente:","Poluição e agressões contra o meio ambiente.","Melhora da qualidade do ar que respiramos.","Aumento da camada de ozônio.","Aumento da quantidade de oxigênio na atmosfera.",A,1,
Simulado 5,27,"Dentre o conjunto de elementos lançados no ar atmosférico pelos veículos encontram-se os ALDEÍDOS. Esses compostos são lançados por","veículos movidos a álcool e provocam irritações nas mucosas, principalmente dos olhos.","veículos importados que não passaram pelo controle do CONAMA e provocam distúrbios respiratórios.","veículos pesados, movidos a diesel, e provocam, principalmente, reações alérgicas nas vias respiratórias.","veículos pesados, movidos à gasolina, e estão entre os responsáveis pela diminuição da camada de ozônio.",A,1,
Simulado 5,28,"Um motoqueiro apresenta um ferimento com sangramento na região do peito, após sofrer uma queda acidental de sua moto. Uma providência a ser tomada, enquanto se aguarda o socorro, é","Limpar o ferimento com anti-séptico em pó","comprimir o ferimento com gaze ou pano limpo,utilizando, se possível, luvas de proteção.","retirar o capacete, para melhorar a respiração da vítima.","avaliar danos, movimentando seus braços e pernas.",B,1,
Simulado 5,29,"Como proceder diante de um motociclista acidentado?","Não retirar o capacete, porque movimentar a cabeça pode agravar uma lesão na coluna.","Retirar o capacete para que ele possa se sentir melhor.","Retirar o capacete para verificar se existe alguma lesão e caso exista recolocar o capacete.","Fazer com que ele se levante para aguardar em pé a equipe de socorro.",A,1,
Simulado 5,30,"Em um dia de sol, um pedestre, vestido de bermuda e camiseta, foi atropelado e esta deitado no chão gemendo de dor nas costas. Enquanto aguarda o resgate, a pessoa que socorre deverá","manter a vitima exposta aos raios do sol","retirar a camisa da vitima","proteger a vitima contra o sol","retirar a vitima do local, ajudando-a a andar para um local protegido do sol",C,1,
simulado 6,1,"Mapas rodoviários facilitam a circulação em regiões desconhecidas. Você deve:",Estudar o mapa rodoviário antecipadamente, planejando o trajeto a ser percorrido.,Estudar o mapa rodoviário apenas quando vier a se perder no trajeto.,Sair perguntando aos outros condutores, pois o mapa é pouco explicativo.,Ignorá-los pois, com frequência, não são fiéis ao trajeto.,A,1,
simulado 6,2,"Nas rodovias, certas manobras são proibidas para vias de pista única e duplo sentido, em função da segurança. DESOBEDECE aos conceitos de direção segura:",Não se deve ultrapassar em pontes e viadutos.,Para fazer retorno, deve-se aguardar uma oportunidade no acostamento.,Não se deve reduzir a velocidade para acessar o acostamento.,Só se deve usar farol alto quando não houver outro veículo à frente.,C,1,
simulado 6,3,"Em descida de serra, em declive, o procedimento correto para não forçar os freios e nem aquecê-los em demasia é",usar o freio de estacionamento (mão) como freio auxiliar.,colocar em ponto morto e usar somente os freios para economizar combustível.,descer com o câmbio engrenado.,colocar a primeira marcha e descer acelerando.,C,1,
Simulado 6,4,"Sobre a forma de dirigir, quais das situações abaixo podem causar riscos no trânsito:",Fazer movimentos ou manobras bruscas, sem sinalizar.,Evitar acender cigarros, apanhar objetos dentro do veículo em movimento e atender ao telefone celular.,Dirigir com as duas mãos no volante.,Não desviar a atenção do ato de dirigir, não participar de brincadeiras e não praticar 'rachas'.,A,1,
Simulado 6,5,"A placa [image190.png] regulamenta:",Dê a preferência.,Sentido proibido.,Estacionamento regulamentado.,Proibido ultrapassar.,A,1,placa_r-1_de_a_preferencia.png
Simulado 6,6,"É direito de todo condutor, quando multado, interpor recurso pela infração, que será julgado",pelo DENATRAN - Departamento Nacional de Trânsito.,pelo CONTRAN - Conselho Nacional de Trânsito.,pelas Polícias Militares Estaduais e pela Polícia Rodoviária Federal.,pela JARI - Junta Administrativa de Recursos de Infrações.,D,1,
Simulado 6,7,"Qual placa deve ser colocada numa via, para advertir ao condutor de um veículo, da existência adiante de um estreitamento de pista ao centro?",image16.png,image209.png,image5.png,image1.png,B,1,placa_estreitamento_pista_centro.png
Simulado 6,8,"É uma infração gravíssima:",Ultrapassar pelo acostamento e em interseções e passagens de nível.,Atirar do veículo ou abandonar na via objetos ou substâncias.,Ter seu veículo imobilizado na via por falta de combustível.,Estacionar o veículo impedindo a movimentação de outro veículo.,A,1,
Simulado 6,9,"A placa A-39 significa cruzamento rodoferroviário em nível",sem barreiras, para motociclistas.,sem barreira.,com barreira.,sem barreira, para ônibus.,B,1,placa_a-39_cruz_rodoferroviario.png
Simulado 6,10,"Um condutor, ao dirigir numa via coletora, sem sinalização de regulamentação de velocidade, poderá trafegar, no máximo, a:",30 km/h.,40 km/h.,50 km/h.,60 km/h.,B,1,
Simulado 6,11,"A placa A-4, indica:",Curva acentuada em 'S' à esquerda.,Pista sinuosa à esquerda.,Curva à direita.,Confluência à direita.,A,1,placa_a-4_curva_acentuada_s_esquerda.png
Simulado 6,12,"Em via urbana cuja a velocidade máxima é 60 km/h é classificada de:",Arterial.,Local.,Coletora.,Trânsito rápido.,A,1,
Simulado 6,13,"O condutor se torna inabilitado para conduzir qualquer espécie de veí­culo automotor quando:",Sua Carteira Nacional de Habilitação for cassada.,Seu veículo for apreendido.,O exame psicotécnico estiver com prazo de validade vencido.,Sua Carteira Nacional de Habilitação for roubada.,A,1,
Simulado 6,14,"Indique a placa de regulamentação que significa 'Sentido de circulação na rotatória'.",Placa A,Placa B,Placa C,Placa D,B,1,placa_r-33_rotatoria.png
Simulado 6,15,"A placa A-27 , adverte:",Área com desmoronamento.,Projeção de cascalho.,Aclive acentuado.,Pista escorregadia.,A,1,placa_a-27_desmoronamento.png
Simulado 6,16,"A frequência obrigatória em curso de reciclagem será necessária quando:",Atingir a contagem de 20 (vinte) pontos por cometimento de duas ou mais infrações gravíssimas.,Dirigir sem atenção ou sem os cuidados indispensáveis à segurança.,Deixar de atualizar o cadastro de registro do veículo ou de habilitação do condutor.,Quando o condutor falsificar ou adulterar o documento de habilitação ou de identificação do veículo.,A,1,
Simulado 6,17,"Na situação ilustrada abaixo, relativa a uma rodovia, um condutor deve saber que a ultrapassagem é:",proibida nos dois sentidos apenas se houver placas de regulamentação,permitida apenas no sentido de B para A.,permitida nos dois sentidos.,permitida apenas no sentido de A para B.,B,1,rodovia_ultrapassagem.png
Simulado 6,18,"A placa A-10a , informa:",Entroncamento oblíquo à esquerda.,Via lateral à esquerda.,Siga à esquerda.,Confluência à direita.,A,1,placa_a-10a_entroncamento_obliquo_esquerda.png
Simulado 6,19,"As marcas separadoras de faixas de trânsito, em linha interrompida, indicam:",Permissão de ultrapassagem.,Existência de via de mão dupla.,Proibição de ultrapassagem.,Proibido parar e estacionar no acostamento.,A,1,
Simulado 6,20,"É uma medida administrativa que poderá ser adotada pelo agente de trânsito, em alguns tipos de infração:",suspensão do direito de dirigir.,apreensão do veículo.,recolhimento do certificado de licenciamento.,cassação do documento de habilitação.,C,1,
Simulado 6,21,"Indique a placa de regulamentação que significa 'Proibido retornar à direita'.",Placa A,Placa B,Placa C,Placa D,D,1,placa_r-5_proibido_retornar_direita.png
Simulado 6,22,"A placa A-37 , sinaliza:",Altura limitada.,Largura limitada.,Peso máximo permitido por eixo.,Carga máxima permitida.,A,1,placa_a-37_altura_limitada.png
Simulado 6,23,"São componentes básicos que compõem o sistema que controla o aquecimento do motor:",Radiador, bomba de água, depósito de expansão do radiador.,Bomba de água, correia de ventilação, reservatório.,Válvula termostática, câmaras de resfriamento, ventoinha.,Termômetro, radiador, água com solução.,C,1,
Simulado 6,24,"A manutenção preventiva de verificar o nível do óleo do motor, deve ser feita:",Através da vareta de medição de óleo.,Com o veículo parado sobre uma superfície inclinada.,Através de um reservatório de plástico.,Sempre com o motor quente.,A,1,
Simulado 6,25,"Em muitas das metrópoles brasileiras o trânsito seria melhor e mais seguro se:",o transporte coletivo fosse mais eficiente e atendesse melhor às necessidades da população.,os semáforos fossem programados para mudar mais rapidamente do verde para o vermelho, em cruzamentos de muito movimento.,os governos municipais delimitassem a porcentagem de veículos em circulação para cada grupo de 200 000 habitantes.,fosse permitida a circulação de veículos coletivos urbanos apenas no horário entre 18h00 e 23h00.,A,1,
Simulado 6,26,"Uma das condições primordiais para que um condutor venha a desenvolver comportamentos e atitudes adequadas na condução de veículos é que",tenha consciência dos seus direitos e deveres enquanto cidadão.,obedeça aos seus sentimentos, fazendo aquilo que julgar mais correto.,seja coerente com os seus valores morais, respeitando apenas aos pedestres e demais condutores de veículos que o respeitam.,perceba que os seus direitos são mais importantes que seus deveres frente às condições de trânsito.,A,1,
Simulado 6,27,"Uma das regras fundamentais de primeiros socorros é",oferecer alimentos com sal para o acidentado.,deixar o acidentado com o mínimo possível de roupa.,oferecer bebida quente ao acidentado.,não agir por impulso ou por instinto.,D,1,
Simulado 6,28,"Ao prestar atendimento às vítimas que se encontrem em estado de choque é correto:",Retirar da boca da vítima objetos, dentaduras, pontes, aparelho dental, etc.,Manter a vítima em pé para não perder o controle da situação.,Fazer massagem cardíaca.,Se a vítima estiver tendo vômito manter a cabeça da mesma para cima.,A,1,
Simulado 6,29,"Em caso de fratura fechada o socorrista deve:",Imobilizar o membro fraturado com talas.,Colocar o osso no lugar.,Aplicar pomada no local fraturado.,Aplicar o torniquete, afrouxando a cada dez minutos.,A,1,
Simulado 6,30,"Quando o trânsito estiver congestionado, o condutor deve:",Manter a calma e conservar uma distância do veículo da frente.,Sair de uma faixa para outra, pois isso facilita a fluidez no tráfego.,Manter a calma e dirigir 'colado' na traseira do outro veículo, para melhorar a fluidez do tráfego.,Manter a distância e buzinar para advertir os outros condutores.,A,1,
Simulado 7,1,"Em uma ultrapassagem, uma das principais variáveis básicas envolvidas é a",avaliação do risco a ser assumido durante a manobra.,distância de parada.,distância de percepção.,distância de conversão.,A,1,
Simulado 7,2,"Em casos de aproximação de veículos destinados a socorro, polícia, fiscalização e operação de trânsito, com os dispositivos sonoro e de iluminação devidamente acionados, é regra que o condutor deve",deixar a faixa da direita livre.,deixar a faixa da esquerda livre, parando se necessário.,parar o veículo e esperar ser ultrapassado.,reduzir a velocidade, mantendo-se na mesma faixa e esperar ser ultrapassado.,B,1,
Simulado 7,3,"As placas de advertência, de cor amarela e de forma quadrada, podem ser utilizadas",em vias urbanas ou rurais, desde que sejam pavimentadas.,apenas nas vias urbanas.,apenas nas vias rurais.,em quaisquer vias urbanas ou rurais.,D,1,
Simulado 7,4,"A faixa de trânsito adicional, construída à direita de um longo aclive nas rodovias, deverá ser utilizada",somente para caminhões que transportem corrosivos.,somente para ônibus de fretamento e turismo.,por veículos que desenvolvam maior velocidade.,por veículos lentos e os que estiverem desenvolvendo pouca velocidade.,D,1,
Simulado 7,5,"Um condutor que teve sua CNH cassada poderá requerer sua reabilitação após",6 meses.,1 ano.,2 anos.,3 anos.,C,1,
Simulado 7,6,"A placa  significa:",área proibida para trânsito de caminhões.,local ou ponto de parada de veículos de transporte coletivo ou individual de passageiros.,área com oficina mecânica.,estação rodoviária adiante.,B,1,placa_ponto_onibus.png
Simulado 7,7,"Três motoristas estão completando um ano com suas respectivas Permissões para Dirigir. Durante este primeiro ano, o histórico de infrações de trânsito de cada um foi o seguinte: Motorista 1: cometeu duas infrações, uma por falta de combustível e outra por estacionar o veículo no acostamento. Motorista 2: cometeu uma infração, por avanço de sinal vermelho. Motorista 3: cometeu uma infração, por ultrapassagem pelo acostamento. A Carteira Nacional de Habilitação será conferida apenas:",ao motorista 1.,ao motorista 2.,ao motorista 3.,aos motoristas 1 e 2.,A,1,
Simulado 7,8,"A placa R-26 determina:",Siga em frente.,Alfândega.,Passagem obrigatória.,Sentido proibido.,A,1,placa_r-26_siga_em_frente.png
Simulado 7,9,"Indique a placa de regulamentação que significa 'Conserve-se à direita'.",Placa A,Placa B,Placa C,Placa D,D,1,placa_r-28_conserve_direita.png
Simulado 7,10,"Quando o agente de trânsito sinaliza braço levantado verticalmente com a palma da mão para a frente, está determinado que o conduto",Pare o veículo.,Mantenha-se à direita.,Diminua a marcha.,Mantenha-se à esquerda.,A,1,
Simulado 7,11,"Uma placa com o pictograma  significa",Patrimônio Natural.,Cachoeira e Quedas d'água.,Estância Hidromineral.,Área para esportes náuticos,C,1,placa_estancia_hidromineral.png
Simulado 7,12,"Indique a placa de regulamentação que significa 'Duplo sentido de circulação'.",Placa A,Placa B,Placa C,Placa D,A,1,placa_r-24a_duplo_sentido.png
Simulado 7,13,"A placa A-12 significa interseção",na qual o condutor deve parar o veículo antes de entrar na via.,em círculo.,na qual a circulação deva ser feita sem parar o veículo.,permitida apenas para veículos de passeio.,B,1,placa_a-12_intersecao_em_circulo.png
Simulado 7,14,"O condutor que estacionar o veículo ao lado de outro veículo, em fila dupla, terá como punição:",Multa e remoção do veículo.,Multa e retenção do veículo.,Multa e suspensão de dirigir.,Recolhimento da CNH.,A,1,
Simulado 7,15,"São órgãos normativos e consultivos do Sistema Nacional de Trânsito:",CONTRAN, CETRAN e o CONTRANDIFE.,CONTRAN, JARI e Controladoria Regional de Trânsito.,CONTRAN, CONTRANDIFE e Controladoria Regional de Trânsito.,CONTRAN, CETRAN e Controladoria Regional de Trânsito,A,1,
Simulado 7,16,"A durabilidade dos pneus é determinada por várias condições, entre elas podemos citar:",Conferir o alinhamento das rodas e geometria de direção com freqüência.,Balancear o cardam.,Trocar de amortecedor e óleo regularmente.,Não correr demais em rodovias não pavimentadas.,A,1,
Simulado 7,17,"O Código de Trânsito Brasileiro prevê, em seu capítulo VI, a educação para o trânsito, e o Sistema Nacional de Trânsito estabelece que a educação para o trânsito, oferecida em todos os níveis de ensino, deve",ter como foco o ser humano e trabalhar para a mudança de comportamentos e atitudes em relação ao trânsito.,ser obrigatória e eliminatória.,caracterizar o Estado como único responsável pela diminuição do número de acidentes fatais no trânsito.,utilizar metodologia de trabalho tradicional para atingir os estudantes das diferentes faixas etárias.,A,1,
Simulado 7,18,"Analise a situação abaixo: 'Um caminhão tanque derrapou e tombou numa das curvas de importante rodovia federal brasileira, despejando 25000 litros de óleo diesel no acostamento e na represa que fica à beira da estrada e que abastece de água uma cidade próxima.' Considerando o relato acima, é correto afirmar:",Não foram registrados danos à vegetação do acostamento porque o óleo foi facilmente absorvido pelo solo.,Muitos peixes podem ter morrido por asfixia na represa, porque o óleo derramado provocou a diminuição do oxigênio dissolvido na água.,Como têm a mesma densidade, o óleo e a água doce se misturaram rapidamente, não afetando o equilíbrio ecológico da represa.,Apenas o lençol subterrâneo de água foi contaminado pelo óleo, pois este escorreu rapidamente para as camadas mais profundas do subsolo.,B,1,
Simulado 7,19,"A omissão de socorro nos acidentes nas estradas:",Além de ser uma irresponsabilidade é crime previsto no Código de Trânsito Brasileiro.,Se não foi você o causador não precisa ajudar, pois você não é responsável.,Se estiver com pressa siga em frente, o socorro logo chegará.,Se o seu veículo estiver transportando criança você não deve socorrer.,A,1,
Simulado 7,20,"No caso de sinistro de trânsito (acidente) com vítimas, o procedimento correto em relação aos ferimentos leves é:",Deixar exposto para cicatrizar mais rápido.,Cobrir preferencialmente com pano limpo.,Passar remédios e pomadas.,Aplicar soluções caseiras, como pó de café ou açúcar.,B,1,
Simulado 7,21,"Considerando os cuidados com vítimas de queimaduras, aponte a alternativa errada:",Oferecer água em abundância para a vítima.,Não retirar a roupa se estiver aderida a pele.,Não colocar sobre a queimadura iodo, mercúrio ou pomada.,Proteger a área queimada com compressas limpas.,A,1,
Simulado 7,22,"Ter domínio a respeito da sinalização faz parte da direção segura. Assim, em um cruzamento com rotatória, a preferência de passagem é do veículo que",vier pela direita.,vier pela esquerda.,vier da via mais movimentada.,já estiver circulando pela rotatória.,D,1,
Simulado 7,23,"Sol e chuva são condições adversas de:",Tempo.,Trânsito.,Carga.,Veículo.,A,1,
Simulado 7,24,"Durante a chuva, caso o condutor perca a dirigibilidade do veículo pelo efeito da aquaplanagem, deve reduzir a velocidade,",acelerando levemente e girando o volante rapidamente para um dos lados, até ganhar aderência novamente.,eliminando a pressão no pedal do acelerador e fazendo pequenos movimentos na direção, até ganhar aderência novamente.,acionando o freio com pequenos toques repetidos no pedal, fazendo pequenos movimentos na direção, até ganhar aderência novamente.,tirando a pressão no pedal do acelerador, acionando levemente o pedal do freio e girando o volante rapidamente para um dos lados, até ganhar aderência novamente.,B,1,
Simulado 7,25,"Para fazer uma conversão à esquerda no período noturno em uma via urbana de pista simples com duplo sentido de circulação um condutor deve",piscar os faróis.,acionar o dispositivo indicador de direção.,acender as luzes altas dos faróis.,dar um toque rápido na buzina.,B,1,
Simulado 7,26,"A distância de reação é definida como:",O espaço percorrido em que o condutor viu o perigo, tirou o pé do acelerador e acionou o freio.,Soma da distância de seguimento com distância de frenagem.,Soma da distância de parada com distância de frenagem.,Aquela que permite ao condutor uma manobra de emergência.,A,1,
Simulado 7,27,"Quando uma pista de rolamento comportar várias faixas de trânsito, no mesmo sentido de direção, ficará a faixa da esquerda destinada",ao transporte de escolares.,aos veículos de maior velocidade.,ao transporte de inflamáveis.,aos veículos lentos e pesados.,B,1,
Simulado 7,28,"É proibido a todo condutor de veículo:",Dirigir sem estar devidamente habilitado ou autorizado na forma da lei.,Ouvir rádio enquanto dirige.,Dar passagem, pela esquerda, quando solicitado.,Parar antes de entrar em via preferencial.,A,1,
Simulado 7,29,"Indique a placa de regulamentação que significa 'Comprimento máximo permitido'.",Placa A,Placa B,Placa C,Placa D,D,1,placa_r-19_comprimento_maximo.png
Simulado 7,30,"Considere o instrumento abaixo. Ele é obrigatório",em todos os veículos automotores e ciclomotores.,apenas nos veículos de transporte de cargas perigosas.,somente nos veículos de transporte coletivo.,apenas nos veículos articulados e rodoviários.,A,1,tacometro.png